"player_name","player_id","year","xwoba","xba","xslg","xiso","xobp","brl","brl_percent","exit_velocity","max_ev","hard_hit_percent","k_percent","bb_percent","whiff_percent","chase_percent","arm_strength","sprint_speed","oaa","bat_speed","squared_up_rate","swing_length"
"Williamson, Ben","810938","2026",,,,,,,,,42,,,,,,,78,2,25,96,90
"De La Cruz, Elly","682829","2026",53,50,63,68,40,73,78,93,91,81,12,37,33,52,,85,37,81,20,78
"Mitchell, Garrett","669003","2026",90,66,92,95,79,49,83,100,96,96,7,82,3,70,,64,35,93,32,48
"Gonzales, Nick","693304","2026",60,81,48,20,69,1,1,13,66,16,67,50,63,34,,89,58,17,32,33
"Hernández, Teoscar","606192","2026",46,72,58,41,38,21,36,38,37,58,15,11,11,18,,77,44,49,54,9
"Rutschman, Adley","668939","2026",71,61,67,69,76,21,36,84,52,83,96,86,98,80,,25,,35,97,78
"Keith, Colt","690993","2026",88,96,89,78,83,49,63,96,44,87,47,31,71,95,,88,30,73,96,67
"Alvarez, Francisco","682626","2026",99,88,100,100,83,92,99,66,71,93,47,31,16,38,,4,,76,63,33
"Martínez, Angel","682657","2026",33,15,6,9,64,1,1,23,81,7,68,60,90,25,,40,47,28,2,58
"Lee, Brooks","686797","2026",14,18,14,18,21,1,1,52,26,91,26,54,28,23,,18,8,,,
"Stott, Bryson","681082","2026",29,49,32,26,33,21,31,75,22,82,57,31,67,6,,60,95,16,97,67
"Fortes, Nick","663743","2026",,,,,,,,,65,,,,,,,28,,42,36,58
"Doyle, Brenton","686668","2026",11,21,19,25,11,1,1,77,37,64,15,28,13,23,,81,21,56,57,33
"Altuve, Jose","514888","2026",96,90,81,69,100,49,52,48,44,50,79,99,76,90,,54,29,29,82,24
"Benge, Carson","701807","2026",14,5,18,41,14,21,36,67,70,58,19,66,45,43,,89,65,32,15,99
"Smith, Cam","701358","2026",78,72,68,64,84,73,78,24,95,73,42,82,25,24,,95,99,98,15,6
"Hernández, Heriberto","681715","2026",45,26,37,50,53,49,68,49,80,64,68,82,17,90,,83,55,,,
"Lukes, Nathan","664770","2026",,,,,,,,,57,,,,,,,22,72,7,1,99
"DeLauter, Chase","800050","2026",85,86,94,93,66,87,85,84,90,79,53,24,64,67,,34,,59,85,48
"Wells, Austin","669224","2026",31,36,23,25,58,21,46,81,54,85,20,77,21,51,,7,,64,34,9
"Keaschall, Luke","807712","2026",27,58,35,25,30,1,1,18,38,27,88,19,97,77,,92,65,18,50,85
"Hedges, Austin","595978","2026",,,,,,,,,49,,,,,,,9,,,,
"Soler, Jorge","624585","2026",7,6,3,7,20,21,33,13,91,29,3,74,11,52,,23,,54,2,6
"Semien, Marcus","543760","2026",25,12,22,42,25,49,52,35,47,50,38,53,57,65,,83,88,5,83,9
"Pereira, Everson","677592","2026",,,,,,,,,55,,,,,,,11,,,,
"Freeman, Freddie","518692","2026",96,94,97,97,70,99,91,75,81,74,99,7,94,67,,6,88,35,98,90
"Freeland, Alex","690976","2026",61,37,63,74,56,49,90,89,52,86,8,74,64,92,,24,20,,,
"Pages, Andy","681624","2026",87,95,89,81,77,49,49,53,73,79,63,22,74,63,,79,59,66,56,9
"Pederson, Joc","592626","2026",13,1,7,40,16,1,1,99,77,100,66,77,27,61,,,,69,69,24
"Clement, Ernie","676391","2026",36,81,49,21,35,1,1,22,77,18,99,1,94,4,,38,31,3,87,67
"Marsee, Jakob","805300","2026",9,7,5,15,18,1,1,27,33,35,18,69,87,81,,72,49,24,51,97
"Ramos, Heliot","671218","2026",10,33,17,13,14,21,25,85,91,64,15,19,34,52,,23,23,31,40,97
"Barger, Addison","680718","2026",10,1,1,14,11,1,1,63,63,74,40,71,62,8,,50,86,75,34,67
"Saggese, Thomas","695336","2026",8,1,4,31,15,21,58,6,35,10,26,82,17,61,,,,,,
"Burger, Jake","669394","2026",59,66,72,71,41,73,78,67,83,81,11,8,5,21,,24,17,86,33,24
"Simpson, Chandler","802415","2026",,,,,,,,,10,,,,,,,98,98,1,95,98
"Clarke, Denzel","672016","2026",3,9,1,1,9,1,1,89,94,86,2,45,27,74,,59,91,98,39,17
"Ramírez, José","608070","2026",56,61,65,67,45,73,58,28,86,22,82,33,82,13,,35,69,18,53,58
"Harper, Bryce","547180","2026",58,30,79,89,22,87,82,14,70,10,70,38,47,13,,47,2,75,12,42
"Pauley, Graham","688363","2026",,,,,,,,,35,,,,,,,29,85,,,
"Seager, Corey","608369","2026",75,62,83,86,66,92,92,86,84,88,42,69,7,50,,8,80,65,69,78
"Wilson, Jacob","805779","2026",4,35,15,6,3,1,1,31,10,35,86,1,84,1,,42,99,1,89,100
"Stewart, Sal","701398","2026",99,95,96,93,98,92,92,90,71,91,79,95,72,66,,39,12,29,46,48
"Fermin, Freddy","666023","2026",22,19,23,36,24,1,1,84,13,74,39,58,12,61,,43,,,,
"Caglianone, Jac","695506","2026",64,75,53,36,75,49,66,67,99,72,32,50,26,45,,50,31,98,49,2
"Peraza, Oswald","672724","2026",22,41,24,21,25,21,38,22,45,11,15,28,10,21,,86,85,33,4,24
"Meyers, Jake","676694","2026",74,61,77,81,68,87,86,13,49,14,63,60,59,46,,80,21,5,54,78
"Basallo, Samuel","694212","2026",5,4,30,68,2,49,75,97,75,63,6,31,30,15,,1,,89,65,24
"Church, Nathan","701675","2026",1,7,13,30,1,21,38,4,42,11,28,14,35,1,,85,49,37,8,42
"García Jr., Luis","671277","2026",78,88,90,86,50,73,63,71,77,50,91,1,88,3,,49,9,64,87,48
"Cowser, Colton","681297","2026",35,30,27,33,51,21,47,3,26,33,54,74,20,25,,84,39,79,21,33
"Hoerner, Nico","663538","2026",82,83,52,22,96,1,1,20,42,12,88,91,92,69,,76,97,3,78,58
"Rivas, Leo","660844","2026",3,2,1,2,15,1,1,12,3,1,10,76,47,81,,72,74,2,44,67
"Robert Jr., Luis","673357","2026",87,84,75,66,94,21,25,34,96,33,86,95,59,75,,93,18,85,47,17
"Lindor, Francisco","596019","2026",70,43,44,48,86,73,65,40,49,28,74,94,71,82,,30,93,51,18,33
"Bregman, Alex","608324","2026",61,44,67,75,53,87,78,85,64,96,90,68,90,100,,20,12,22,98,67
"Quero, Edgar","700337","2026",24,25,11,9,46,1,1,86,49,63,72,71,62,83,,3,,12,73,78
"Vientos, Mark","668901","2026",92,99,92,78,90,21,38,62,66,46,87,45,56,46,,17,,69,71,42
"Durbin, Caleb","702332","2026",7,21,7,6,12,1,1,18,12,20,59,28,65,55,,83,90,4,86,94
"Bellinger, Cody","641355","2026",90,66,85,87,92,73,68,31,39,54,94,96,64,96,,63,68,22,81,3
"Abreu, Wilyer","677800","2026",84,90,93,90,64,97,94,65,97,90,63,9,82,58,,84,82,69,76,78
"Thomas, Lane","657041","2026",12,4,4,17,24,1,1,33,16,55,42,82,69,77,,70,,,,
"Martin, Austin","668885","2026",74,52,24,13,93,1,1,1,17,17,72,96,84,97,,62,57,,,
"Marte, Ketel","606466","2026",66,79,65,49,69,49,44,94,100,89,82,51,76,28,,25,76,81,68,9
"Johnston, Troy","687859","2026",67,72,82,83,39,49,63,60,47,29,54,14,27,7,,37,,33,92,78
"Clemens, Kody","665019","2026",35,11,39,69,26,49,86,49,21,8,12,71,8,47,,,65,,,
"Rumfield, TJ","681198","2026",69,68,80,81,61,49,58,8,60,20,55,50,45,15,,14,90,25,31,90
"Hoskins, Rhys","656555","2026",53,5,8,30,81,49,95,18,95,22,21,99,19,99,,9,33,,,
"Schneemann, Daniel","682177","2026",41,66,67,67,19,21,36,69,52,58,37,1,13,7,,53,92,46,58,78
"Schmitt, Casey","669477","2026",21,20,14,15,32,1,1,52,25,41,49,15,40,36,,50,86,,,
"Fraley, Jake","641584","2026",,,,,,,,,61,,,,,,,63,11,,,
"Wiemer, Joey","686894","2026",97,94,91,85,97,49,80,75,85,69,52,93,38,67,,94,56,57,56,48
"Arozarena, Randy","668227","2026",85,85,62,40,96,49,46,65,76,62,95,92,80,79,,31,32,9,83,67
"Loftin, Nick","679845","2026",,,,,,,,,86,,,,,,,69,1,,,
"Friedl, TJ","670770","2026",20,6,1,1,53,1,1,7,31,1,28,93,45,78,,46,29,22,7,90
"Horwitz, Spencer","687462","2026",15,8,3,4,30,1,1,2,15,2,42,77,33,28,,4,34,2,76,85
"Adames, Willy","642715","2026",10,19,17,22,11,21,25,46,25,50,21,36,56,83,,61,5,52,46,6
"Nuñez, Nasim","683083","2026",18,24,11,9,29,1,1,4,23,5,47,31,57,22,,99,66,9,14,90
"Cronenworth, Jake","630105","2026",28,54,21,6,49,1,1,35,66,22,59,45,69,40,,96,79,41,30,67
"Betts, Mookie","605141","2026",63,58,60,57,68,49,54,54,16,22,89,50,98,86,,29,89,14,100,67
"Thomas, Alek","677950","2026",48,43,74,84,15,49,60,86,62,82,38,11,23,3,,64,97,13,67,90
"Smith, Dominic","642086","2026",95,97,95,88,87,49,72,81,73,54,72,45,88,16,,20,,5,79,85
"Beavers, Dylan","687637","2026",28,58,56,51,12,21,31,31,42,43,65,1,72,64,,97,3,39,73,24
"Kirk, Alejandro","672386","2026",45,62,40,31,53,21,38,14,40,64,95,48,91,8,,1,,,,
"Meidroth, Chase","805367","2026",26,9,35,65,21,21,29,22,61,35,50,66,74,89,,33,40,7,86,97
"Jensen, Carter","695600","2026",13,15,17,27,12,21,54,61,76,55,4,45,15,79,,49,,83,8,67
"Young, Jacob","696285","2026",85,96,83,64,86,21,38,40,23,46,87,45,82,84,,91,91,,,
"Carter, Evan","694497","2026",79,80,70,56,86,21,43,58,49,84,29,87,61,92,,93,95,22,63,67
"Duran, Jarren","680776","2026",26,14,13,19,43,21,33,29,64,8,31,62,4,64,,94,48,84,17,9
"Donovan, Brendan","680977","2026",81,76,69,60,88,49,60,53,26,43,69,68,36,72,,21,2,11,75,78
"Smith, Josh","669701","2026",47,28,32,41,60,21,31,43,37,43,78,87,41,57,,37,10,15,75,67
"Crow-Armstrong, Pete","691718","2026",18,26,28,39,10,21,25,71,92,73,36,21,45,5,,90,94,65,10,48
"Encarnacion, Jerar","666464","2026",,,,,,,,,83,,,,,,,34,,,,
"Caissie, Owen","683357","2026",69,71,86,89,46,87,96,63,93,31,8,28,23,84,,48,61,85,29,67
"Bailey, Patrick","672275","2026",40,60,31,17,57,21,31,29,44,43,59,54,39,47,,8,,61,36,58
"Polanco, Jorge","593871","2026",69,76,60,44,79,21,24,29,69,39,85,73,89,55,,19,27,20,87,58
"Gorman, Nolan","669357","2026",33,24,64,80,9,49,60,16,84,22,32,26,21,54,,6,77,66,30,24
"Yastrzemski, Mike","573262","2026",16,18,9,13,28,21,29,36,31,20,50,66,67,58,,55,78,39,43,48
"Devers, Rafael","646240","2026",36,34,49,57,33,49,50,31,58,67,31,51,55,50,,19,,41,25,24
"Hayes, Ke'Bryan","663647","2026",39,60,38,29,50,1,1,78,32,35,100,40,100,82,,,98,,,
"Lewis, Royce","668904","2026",36,7,24,53,42,49,80,53,16,69,24,75,32,61,,56,1,73,38,6
"Larnach, Trevor","663616","2026",,,,,,,,,16,,,,,,,36,,,,
"Hamilton, David","666152","2026",86,75,44,23,99,1,1,51,80,67,78,100,73,60,,75,86,7,27,58
"Anthony, Roman","701350","2026",41,42,53,58,46,49,60,62,95,82,14,58,13,68,,66,68,96,50,9
"Taveras, Leody","665750","2026",,,,,,,,,23,,,,,,,,55,,,
"Beck, Jordan","687597","2026",16,15,22,39,11,21,44,28,63,41,42,43,26,10,,74,64,87,8,6
"O'Hearn, Ryan","656811","2026",88,89,87,82,91,49,52,23,44,33,77,88,72,71,,28,87,32,52,67
"Fernandez, Jose","699912","2026",,,,,,,,,29,,,,,,,94,36,,,
"Story, Trevor","596115","2026",6,35,25,28,3,49,52,43,76,50,3,1,19,1,,65,14,49,31,33
"Ballesteros, Moisés","694208","2026",26,15,44,69,17,73,97,20,56,22,8,48,31,39,,2,,,,
"Neto, Zach","687263","2026",55,29,50,65,67,73,68,55,52,50,51,89,32,89,,21,25,22,42,67
"Bader, Harrison","664056","2026",41,25,52,69,18,73,78,57,57,49,19,21,29,12,,71,70,61,44,48
"Merrill, Jackson","701538","2026",63,69,76,77,46,73,71,45,66,59,71,25,66,13,,96,66,79,10,9
"Young, Cole","702284","2026",51,44,64,72,32,73,75,13,91,41,24,19,62,30,,74,87,41,18,90
"McCann, James","543510","2026",,,,,,,,,21,,,,,,,10,,,,
"Raleigh, Cal","663728","2026",3,1,4,28,5,21,38,1,33,1,1,64,1,22,,17,,84,1,6
"Urías, Ramón","602104","2026",,,,,,,,,46,,,,,,,,22,,,
"Caminero, Junior","691406","2026",,,,,,,,,100,,,,,,,12,1,100,10,1
"Dingler, Dillon","693307","2026",98,82,98,98,88,92,99,89,60,97,38,54,29,35,,42,,52,63,17
"Raley, Luke","670042","2026",98,91,99,99,73,92,100,86,98,89,4,11,1,8,,,14,87,16,58
"Edwards, Xavier","669364","2026",81,96,81,57,79,21,22,65,26,74,96,21,95,61,,59,76,5,100,98
"DeLuca, Jonny","676356","2026",,,,,,,,,71,,,,,,,68,53,,,
"Henderson, Gunnar","683002","2026",62,47,67,73,56,73,71,35,41,45,39,51,44,30,,68,6,87,20,24
"Happ, Ian","664023","2026",43,7,72,91,9,87,93,66,90,58,1,53,7,25,,41,15,52,4,67
"McCutchen, Andrew","457705","2026",,,,,,,,,41,,,,,,,58,,28,14,33
"Alexander, Blaze","677942","2026",78,98,75,38,82,21,50,69,31,85,8,16,10,16,,76,36,65,23,24
"Bell, Josh","605137","2026",68,32,62,76,72,49,75,75,40,96,13,89,17,88,,16,,35,32,3
"Suárez, Eugenio","553993","2026",57,34,79,88,19,73,83,92,76,29,5,22,8,39,,12,,39,14,17
"Rocchio, Brayan","677587","2026",73,78,30,4,92,1,1,63,62,22,92,77,78,41,,35,20,24,49,58
"Perdomo, Geraldo","672695","2026",39,45,38,38,40,21,22,40,47,10,99,40,99,92,,45,78,2,98,90
"McMahon, Ryan","641857","2026",20,2,2,15,46,21,54,69,23,91,6,94,18,60,,11,8,52,27,67
"Kurtz, Nick","701762","2026",77,33,51,63,88,49,83,93,96,67,5,97,4,72,,27,38,97,6,9
"Herrera, Iván","671056","2026",83,87,76,66,94,49,49,43,81,79,89,90,96,75,,16,,79,90,3
"Yorke, Nick","694377","2026",83,82,54,29,98,1,1,74,70,91,81,94,91,87,,42,,,,
"Montgomery, Colson","695657","2026",33,23,34,47,33,49,66,31,66,19,13,62,3,71,,30,76,97,2,9
"Castro, Willi","650489","2026",6,11,11,22,8,21,33,10,58,29,10,43,19,17,,69,81,29,3,67
"Chapman, Matt","656305","2026",19,32,12,5,33,1,1,25,76,8,74,51,82,72,,82,36,95,47,42
"Griffin, Konnor","804606","2026",,,,,,,,,42,,,,,,,98,,,,
"Sánchez, Jesús","660821","2026",97,99,94,85,97,49,68,69,74,74,68,36,61,11,,1,53,37,68,94
"Rooker, Brent","667670","2026",44,19,60,78,24,92,97,63,76,66,6,56,1,24,,46,,66,35,48
"Peña, Jeremy","665161","2026",74,93,70,40,80,1,1,6,20,11,74,43,57,50,,87,35,49,79,58
"Cruz, Oneil","665833","2026",94,86,97,97,71,92,94,92,94,95,22,20,1,51,,57,5,99,61,17
"Palacios, Richie","680700","2026",,,,,,,,,49,,,,,,,48,12,,,
"Bogaerts, Xander","593428","2026",38,64,41,31,38,21,22,48,62,18,96,21,87,53,,66,9,31,85,48
"Ward, Taylor","621493","2026",68,85,51,19,83,1,1,42,52,39,56,77,85,100,,43,73,12,93,78
"Sosa, Lenyn","672820","2026",,,,,,,,,32,,,,,,,39,,61,15,9
"Cortes, Carlos","666126","2026",,,,,,,,,30,,,,,,,15,,,,
"Naylor, Josh","647304","2026",51,64,56,48,56,73,57,20,47,40,92,48,71,6,,1,22,28,87,33
"India, Jonathan","663697","2026",30,9,28,52,30,21,36,4,39,19,70,60,80,86,,75,10,44,58,33
"Moreno, Gabriel","672515","2026",44,54,54,50,36,21,25,12,83,22,81,26,73,13,,47,,46,54,48
"Benson, Will","666181","2026",,,,,,,,,44,,,,,,,64,67,,,
"Torrens, Luis","620443","2026",,,,,,,,,48,,,,,,,32,,,,
"Lockridge, Brandon","663604","2026",30,38,20,14,51,21,31,8,77,13,93,60,78,33,,92,26,69,9,85
"Dubón, Mauricio","643289","2026",48,57,60,58,36,73,68,63,34,54,74,24,86,46,,31,97,17,97,24
"Trout, Mike","545361","2026",94,54,89,94,96,97,99,82,92,60,40,97,69,93,,90,9,83,11,42
"Sheets, Gavin","657757","2026",50,78,54,35,52,21,46,28,66,69,34,16,77,17,,52,13,76,71,24
"Abrams, CJ","682928","2026",80,66,82,85,72,73,75,51,86,67,63,60,15,36,,45,22,57,42,9
"Mullins, Cedric","656775","2026",,,,,,,,,18,,,,,,,53,34,25,64,48
"Jung, Josh","673962","2026",10,42,19,11,12,1,1,20,28,29,26,11,59,10,,38,7,28,22,67
"Guerrero Jr., Vladimir","665489","2026",91,88,86,80,95,87,82,71,89,60,97,91,76,64,,13,84,91,53,42
"Acuña Jr., Ronald","660670","2026",71,47,69,75,70,73,63,25,95,38,79,86,14,72,,44,75,92,24,24
"Lee, Jung Hoo","808982","2026",53,63,33,15,68,1,1,28,27,9,58,69,83,33,,54,85,11,49,17
"Diaz, Yainer","673237","2026",16,32,10,3,24,1,1,9,64,6,77,42,59,17,,29,,44,71,48
"Ozuna, Marcell","542303","2026",9,3,7,30,16,21,36,25,31,19,41,71,39,57,,10,,69,36,33
"Contreras, William","661388","2026",89,90,81,71,95,49,52,79,88,50,85,93,92,84,,17,,61,47,67
"Perkins, Blake","663368","2026",11,7,15,33,12,21,58,13,48,35,22,58,38,13,,37,,20,24,58
"Riley, Austin","663586","2026",16,12,18,32,18,21,25,17,77,12,50,58,11,46,,46,94,90,11,33
"Hicks, Liam","689414","2026",95,97,92,83,92,73,75,61,49,55,100,31,100,96,,27,,12,99,90
"Ritter, Ryan","690022","2026",,,,,,,,,4,,,,,,,,89,,,
"Pasquantino, Vinnie","686469","2026",39,48,28,19,56,21,24,44,49,15,59,54,93,77,,19,80,20,58,58
"Greene, Riley","682985","2026",79,70,85,87,67,73,68,18,89,60,70,56,52,71,,56,83,92,58,33
"Pagés, Pedro","686780","2026",47,38,56,67,35,21,47,16,46,13,34,1,12,7,,13,,66,39,33
"McCarthy, Jake","664983","2026",41,57,58,53,28,21,38,45,19,22,57,1,23,26,,100,40,31,85,48
"Mangum, Jake","663968","2026",15,50,17,2,22,1,1,5,29,5,59,15,79,5,,86,54,8,5,94
"Ramírez, Agustín","682663","2026",41,30,14,7,76,1,1,36,97,39,50,91,30,72,,57,,95,12,17
"Stanton, Giancarlo","519317","2026",71,83,80,73,62,87,85,90,99,33,53,24,23,39,,5,,100,36,1
"O'Hoppe, Logan","681351","2026",31,21,22,34,33,49,60,29,65,60,59,28,39,29,,58,,59,44,9
"Straw, Myles","664702","2026",,,,,,,,,56,,,,,,,92,,,,
"Jeffers, Ryan","680777","2026",53,39,48,54,60,73,88,73,77,71,33,75,65,41,,30,,57,28,58
"Adell, Jo","666176","2026",1,14,4,3,4,1,1,47,66,66,54,7,43,13,,69,22,96,28,17
"Albies, Ozzie","645277","2026",45,54,53,49,39,21,21,18,61,6,92,33,67,33,,41,78,14,76,48
"Witt Jr., Bobby","677951","2026",89,97,81,53,94,49,50,84,81,74,58,69,50,22,,93,100,61,28,85
"Triolo, Jared","669707","2026",25,32,16,10,44,1,1,17,24,11,65,38,66,98,,91,7,57,52,42
"Taylor, Tyrone","621438","2026",,,,,,,,,35,,,,,,,86,,,,
"Andujar, Miguel","609280","2026",31,52,29,18,43,1,1,88,65,74,33,40,47,20,,77,,41,66,9
"Báez, Javier","595879","2026",2,9,2,1,5,1,1,5,27,9,34,16,23,3,,49,21,56,8,1
"Soto, Juan","665742","2026",58,65,68,68,58,49,52,29,86,12,71,47,68,40,,19,57,52,47,58
"Shaw, Matt","807713","2026",40,74,54,36,38,21,29,40,24,35,92,14,85,27,,87,26,9,95,85
"Alvarez, Yordan","670541","2026",100,100,100,100,100,97,96,99,97,94,86,99,74,63,,3,,76,70,9
"Giménez, Andrés","665926","2026",51,56,58,55,46,49,49,63,70,39,74,43,57,11,,51,59,5,90,85
"Wallner, Matt","670242","2026",24,11,49,75,6,73,86,57,81,46,1,38,1,88,,8,69,92,3,42
"Steer, Spencer","668715","2026",24,12,50,74,6,49,63,22,51,29,23,26,45,30,,82,19,46,58,33
"Tawa, Tim","694374","2026",,,,,,,,,28,,,,,,,84,,,,
"Frelick, Sal","686217","2026",67,44,49,51,77,21,33,10,52,3,67,85,94,72,,82,61,3,54,85
"Buxton, Byron","621439","2026",1,3,8,35,1,21,31,66,37,72,25,10,9,26,,,52,66,27,2
"Crawford, Justin","702222","2026",6,34,12,4,8,1,1,55,53,16,73,13,80,30,,94,50,18,94,78
"Rafaela, Ceddanne","678882","2026",17,28,35,45,7,49,66,38,9,19,52,1,2,1,,88,11,15,46,33
"Goodman, Hunter","696100","2026",22,43,42,47,21,21,33,55,89,50,2,20,8,17,,38,,91,1,33
"Kwan, Steven","680757","2026",21,25,12,11,38,1,1,1,4,1,84,49,99,68,,32,83,1,75,98
"Kelly, Carson","608348","2026",73,77,63,50,81,21,38,96,46,95,56,77,69,49,,14,,24,91,85
"Sosa, Edmundo","624641","2026",,,,,,,,,14,,,,,,,70,28,,,
"Narváez, Carlos","665966","2026",82,100,79,41,85,21,46,82,35,50,59,19,67,69,,,,,,
"Torres, Gleyber","650402","2026",64,40,31,34,83,49,54,3,11,4,63,96,52,94,,11,95,8,41,67
"Rengifo, Luis","650859","2026",44,78,46,23,65,21,33,24,57,15,90,40,96,20,,54,,16,85,58
"Langford, Wyatt","694671","2026",8,25,36,49,2,73,65,53,71,55,34,1,51,47,,80,83,66,79,78
"Karros, Kyle","691720","2026",51,57,61,62,42,49,72,46,62,31,20,33,18,58,,48,77,32,21,67
"Lawlar, Jordan","691783","2026",,,,,,,,,49,,,,,,,,75,,,
"O'Neill, Tyler","641933","2026",65,45,67,74,60,21,47,31,71,60,40,45,15,35,,44,,33,22,58
"Arraez, Luis","650333","2026",15,50,26,15,15,1,1,14,7,1,98,7,99,65,,18,64,1,93,100
"Mateo, Jorge","622761","2026",,,,,,,,,75,,,,,,,96,,,,
"Chisholm Jr., Jazz","665862","2026",4,12,10,17,4,49,54,38,45,22,22,8,47,75,,70,98,64,58,6
"Santana, Carlos","467793","2026",1,3,3,11,3,1,1,33,56,63,24,38,36,24,,4,3,42,36,9
"Turang, Brice","668930","2026",76,50,76,84,77,49,54,94,47,74,46,89,95,89,,73,8,20,90,90
"Carpenter, Kerry","681481","2026",50,18,63,82,36,73,88,79,84,84,3,73,5,38,,28,15,57,15,17
"Scott II, Victor","687363","2026",20,69,32,12,20,1,1,38,26,14,34,1,41,75,,98,91,20,57,94
"Collins, Isaac","686555","2026",55,22,42,60,62,73,88,58,88,31,47,75,57,97,,81,1,74,52,90
"Bart, Joey","663698","2026",,,,,,,,,54,,,,,,,21,,,,
"Amaya, Miguel","665804","2026",,,,,,,,,41,,,,,,,18,,,,
"Ibáñez, Andy","628451","2026",,,,,,,,,35,,,,,,,,73,,,
"Swanson, Dansby","621020","2026",38,14,36,58,38,49,66,69,59,97,23,77,28,43,,22,10,31,43,24
"Langeliers, Shea","669127","2026",79,71,88,92,56,87,86,82,77,55,24,38,47,32,,,,82,26,58
"Nimmo, Brandon","607043","2026",81,94,74,47,87,49,50,69,28,67,46,53,75,83,,74,34,54,67,78
"Candelario, Jeimer","600869","2026",,,,,,,,,18,,,,,,,31,,,,
"Smith, Will","669257","2026",93,92,97,96,73,92,92,38,61,41,78,28,85,95,,31,,14,73,67
"Laureano, Ramón","657656","2026",78,76,88,90,55,73,74,48,45,33,69,26,50,34,,78,69,54,40,67
"Rodríguez, Julio","677594","2026",19,30,15,9,40,21,24,27,91,28,28,62,10,10,,62,81,88,12,33
"Walker, Christian","572233","2026",84,80,90,91,77,99,96,93,86,94,74,67,43,55,,41,3,78,92,33
"Hays, Austin","669720","2026",22,62,39,28,26,21,36,10,94,83,7,11,3,15,,65,55,42,24,67
"Meadows, Parker","678009","2026",30,35,24,26,41,21,33,24,35,3,70,33,92,70,,90,53,25,84,67
"Alonso, Pete","624413","2026",49,41,54,63,42,49,58,96,62,93,15,56,21,57,,9,74,57,71,58
"Arenado, Nolan","571448","2026",7,36,17,8,8,1,1,7,26,20,41,11,30,19,,10,80,44,17,1
"Isbel, Kyle","664728","2026",53,82,71,55,36,49,66,73,58,39,57,1,56,56,,23,32,,,
"Lowe, Brandon","664040","2026",76,68,66,61,82,49,54,3,33,41,74,88,18,42,,72,89,35,36,85
"Call, Alex","669743","2026",,,,,,,,,6,,,,,,,40,,,,
"Schanuel, Nolan","694384","2026",58,74,59,45,64,21,22,33,41,16,90,51,89,92,,34,48,9,99,94
"Bauers, Jake","641343","2026",27,42,40,44,23,49,58,78,66,35,42,26,53,90,,71,7,93,46,42
"McKinstry, Zach","656716","2026",,,,,,,,,17,,,,,,,26,72,,,
"Paredes, Isaac","670623","2026",23,17,6,7,46,1,1,6,5,3,52,38,70,38,,13,87,9,44,3
"Vázquez, Christian","543877","2026",,,,,,,,,58,,,,,,,1,,,,
"Ruiz, Keibert","660688","2026",3,14,36,58,1,49,72,9,10,7,94,1,95,30,,7,,,,
"Gray, Tristan","656484","2026",,,,,,,,,57,,,,,,,,,44,1,58
"Sanoja, Javier","691594","2026",32,79,46,20,29,21,38,49,24,46,82,1,93,2,,71,60,,,
"Peters, Tristan","671976","2026",12,29,8,3,22,1,1,7,17,1,10,40,36,12,,52,38,17,13,78
"House, Brady","691781","2026",68,53,74,77,59,73,84,83,86,90,13,62,19,30,,68,4,71,39,33
"Wood, James","695578","2026",55,22,71,86,29,92,94,62,81,81,7,60,6,41,,47,4,90,18,48
"Yoshida, Masataka","807799","2026",88,68,45,33,99,1,1,98,28,99,79,100,54,97,,55,,,,
"Jansen, Danny","643376","2026",6,20,37,53,1,21,38,73,57,46,42,1,61,50,,26,,39,70,48
"Okamoto, Kazuma","672960","2026",67,49,71,76,62,49,72,86,85,71,1,69,9,68,,14,92,74,34,6
"Yelich, Christian","592885","2026",30,54,47,42,30,21,28,42,89,55,33,22,35,27,,67,,52,31,42
"Winn, Masyn","691026","2026",26,48,33,27,30,1,1,43,29,16,74,28,87,64,,58,94,25,84,17
"Muncy, Max","691777","2026",63,72,81,82,35,87,88,95,88,98,15,9,7,18,,77,4,88,83,17
"Lowe, Josh","666139","2026",2,1,10,51,1,49,72,25,17,7,4,26,26,49,,35,90,76,3,24
"Judge, Aaron","592450","2026",77,47,88,93,49,97,97,55,94,81,18,37,41,79,,45,58,93,39,2
"Myers, Dane","667472","2026",,,,,,,,,35,,,,,,,,35,,,
"Murakami, Munetaka","808959","2026",76,40,87,94,65,87,93,79,89,90,14,85,12,78,,43,20,79,65,17
"Schwarber, Kyle","656941","2026",93,46,94,98,85,97,100,93,86,88,15,89,21,94,,12,,94,16,48
"Torkelson, Spencer","679529","2026",43,39,27,27,64,21,38,17,16,46,19,81,33,93,,36,11,71,6,9
"Duran, Ezequiel","677649","2026",,,,,,,,,33,,,,,,,85,,,,
"Lowe, Nathaniel","663993","2026",,,,,,,,,54,,,,,,,5,,,,
"Caballero, José","676609","2026",1,6,1,1,6,1,1,1,19,3,29,25,21,54,,88,13,12,5,94
"Vargas, Miguel","678246","2026",75,56,75,79,73,49,57,11,73,28,63,76,75,99,,66,33,54,71,17
"Realmuto, J.T.","592663","2026",60,20,31,46,72,21,44,47,12,63,56,77,14,74,,81,,61,58,48
"Perez, Salvador","521692","2026",71,70,86,88,57,92,86,75,65,69,93,42,90,6,,2,,59,80,3
"Muncy, Max","571970","2026",93,92,93,90,90,49,80,97,66,94,20,77,45,96,,69,63,44,58,78
"Tatis Jr., Fernando","665487","2026",71,66,56,43,73,73,75,78,97,99,42,69,38,59,,95,96,78,61,48
"Baldwin, Drake","686948","2026",97,93,98,97,84,97,86,72,83,74,98,48,89,56,,33,,95,80,48
"Grisham, Trent","663757","2026",88,52,84,89,91,87,90,61,41,93,69,97,75,99,,56,23,18,82,33
"Young, Jared","676724","2026",,,,,,,,,97,,,,,,,76,28,,,
"Marsh, Brandon","669016","2026",75,88,77,63,69,21,24,60,66,59,59,24,83,26,,80,30,37,68,58
"García, Adolis","666969","2026",65,83,73,58,53,73,71,95,75,85,42,9,40,36,,40,64,57,56,24
"Ohtani, Shohei","660271","2026",96,72,90,92,89,99,98,98,99,88,51,88,39,47,,7,,86,81,24
"Burleson, Alec","676475","2026",84,87,85,79,87,73,62,83,89,87,97,82,77,40,,6,6,46,91,42
"Busch, Michael","683737","2026",27,14,16,23,46,21,24,34,38,45,79,85,64,87,,20,78,7,92,85
"Vivas, Jorbit","678391","2026",57,61,20,1,82,1,1,1,12,6,82,77,97,79,,39,91,,,
"Garcia, Maikel","672580","2026",91,90,77,61,92,73,65,89,83,74,89,82,86,94,,57,99,44,93,58
"Varsho, Daulton","662139","2026",61,86,59,31,75,21,28,2,13,4,81,50,77,29,,25,51,71,20,24
"Tucker, Kyle","663656","2026",50,50,46,44,53,21,28,57,27,55,47,60,45,87,,52,70,46,54,58
"Kayfus, CJ","692216","2026",,,,,,,,,31,,,,,,,67,5,,,
"Rojas, Miguel","500743","2026",57,89,66,36,49,21,44,51,64,74,59,1,36,18,,2,84,,,
"Acuña, Luisangel","682668","2026",37,65,29,12,52,21,29,40,80,49,85,13,61,43,,99,79,66,94,17
"Wetherholt, JJ","802139","2026",60,36,42,50,59,49,50,57,38,45,58,56,51,81,,53,100,49,50,33
"Caratini, Victor","605170","2026",91,99,84,60,93,49,63,36,24,29,96,40,97,53,,6,24,,,
"Marte, Noelvi","682622","2026",,,,,,,,,15,,,,,,,89,,,,
"Rice, Ben","700250","2026",100,92,99,99,99,92,98,100,88,100,42,97,34,90,,63,51,46,68,33
"McGonigle, Kevin","805808","2026",88,71,91,93,81,87,82,17,44,50,88,84,92,75,,87,74,61,81,67
"Jackson, Jeremiah","669236","2026",18,51,24,14,10,1,1,73,71,41,34,1,23,2,,32,17,61,66,17
"Olson, Matt","621566","2026",83,57,93,96,62,92,92,80,66,67,18,64,44,53,,15,71,82,25,33
"McNeil, Jeff","643446","2026",13,17,6,5,26,1,1,11,9,22,24,64,57,45,,44,25,3,26,78
"Manzardo, Kyle","700932","2026",51,38,39,45,59,49,68,81,39,74,13,62,16,43,,5,75,22,28,42
"Stephenson, Tyler","663886","2026",40,52,61,64,25,49,80,97,51,85,34,16,41,91,,,,49,95,42
"Tovar, Ezequiel","678662","2026",64,80,78,72,44,49,50,67,69,59,30,8,43,1,,55,84,35,61,17
"Machado, Manny","592518","2026",82,74,45,26,96,21,33,10,56,15,63,97,55,86,,27,24,69,36,9
"Carroll, Corbin","682998","2026",94,92,95,92,89,87,85,71,75,50,58,84,36,46,,97,96,94,35,24
"Díaz, Yandy","650490","2026",,,,,,,,,97,,,,,,,24,,84,73,17
"Ortiz, Joey","687401","2026",19,24,26,38,18,49,68,49,30,74,31,33,79,9,,73,82,33,76,42
"Springer, George","543807","2026",36,13,46,71,23,73,74,47,70,79,26,64,51,61,,36,,71,13,33
"Butler, Lawrence","671732","2026",37,58,50,44,28,21,38,35,86,64,37,14,35,35,,44,73,79,32,58
"Lile, Daylen","695734","2026",40,74,43,23,49,1,1,14,30,31,90,18,78,11,,97,62,41,77,24
"Conine, Griffin","665052","2026",,,,,,,,,98,,,,,,,62,70,,,
"Naylor, Bo","666310","2026",49,40,65,74,25,73,84,42,30,72,42,33,81,59,,65,,44,22,24
"Lopez, Otto","672640","2026",62,44,72,79,51,73,71,38,23,67,67,42,76,36,,78,18,39,78,90
"Bichette, Bo","666182","2026",33,64,47,39,29,21,21,55,52,45,42,16,65,4,,26,30,13,44,78
"Harris II, Michael","671739","2026",84,84,96,95,52,97,88,92,92,88,82,7,44,9,,60,77,90,78,2
"Canzone, Dominic","686527","2026",99,98,99,99,89,73,90,91,75,89,82,18,50,28,,,,,,
"Soderstrom, Tyler","691016","2026",44,26,43,56,44,21,29,44,93,35,30,72,31,35,,56,3,81,5,24
"Baty, Brett","683146","2026",14,38,38,43,4,49,57,58,55,49,25,1,41,19,,61,,83,64,33
"Wong, Connor","657136","2026",,,,,,,,,54,,,,,,,61,,,,
"Aranda, Jonathan","666018","2026",,,,,,,,,54,,,,,,,3,16,22,87,67
"Contreras, Willson","575929","2026",65,28,42,55,77,49,60,57,84,22,42,91,6,66,,22,97,89,6,17
"Mayer, Marcelo","691785","2026",25,9,33,61,7,73,92,86,73,98,11,33,2,38,,81,72,73,58,9
"Davis, Henry","680779","2026",28,29,21,22,43,21,43,81,95,31,74,43,47,44,,67,,,,
"Turner, Trea","607208","2026",47,76,40,17,59,21,23,45,77,18,55,36,21,27,,99,9,51,49,9
"Correa, Carlos","621043","2026",71,85,72,53,80,49,44,49,77,27,84,64,53,43,,51,84,71,64,42
"Walker, Jordan","691023","2026",92,79,96,96,76,87,91,98,99,99,39,66,26,81,,95,52,99,65,2
"Williams, Carson","700246","2026",,,,,,,,,81,,,,,,,60,18,78,18,48
"Barrosa, Jorge","678489","2026",,,,,,,,,11,,,,,,,91,,,,
"McLain, Matt","680574","2026",66,45,56,60,72,73,81,75,85,35,29,81,54,97,,75,71,54,42,85
"Bohm, Alec","664761","2026",53,54,40,35,67,1,1,23,56,22,94,56,86,75,,51,96,35,87,48
"White, Eli","642201","2026",,,,,,,,,3,,,,,,,100,,,,
"Goldschmidt, Paul","502671","2026",,,,,,,,,37,,,,,,,16,,,,
"Allen, Nick","669397","2026",,,,,,,,,42,,,,,,,59,,,,
"Arias, Gabriel","672356","2026",33,24,56,72,16,49,72,90,92,71,8,28,6,60,,33,88,97,23,24
"Moncada, Yoán","660162","2026",35,4,25,63,37,49,75,60,32,41,11,81,53,85,,15,27,37,17,48
"Norby, Connor","681393","2026",58,29,28,36,73,21,38,20,27,22,59,54,54,69,,79,29,25,40,67
"Loperfido, Joey","694388","2026",53,63,34,17,70,21,38,52,35,74,47,75,20,30,,79,79,49,58,3
"Benintendi, Andrew","643217","2026",5,22,8,8,6,1,1,79,17,97,1,16,4,3,,,,18,22,48
"Reynolds, Bryan","668804","2026",69,60,78,82,62,73,74,75,61,79,31,67,57,84,,73,17,74,73,78
"Mayo, Coby","691723","2026",49,47,19,6,71,1,1,7,81,55,15,88,29,21,,,93,83,6,24